Title_book,Price
SSC JE Mechanical Engineering Previous Year Objective T...,₹725
Haryana Civil Services HCS-General Studies(Pre & Mains)...,"₹3,899"
Ncert Biology Textbook For Class 11,₹175
Student ATLAS Useful For All Competitive Exam,₹175
Vastunist Samany Vigyan 15000+ By Khan Sir,₹199
Railway General Science + GK 11000+Question (Previous Q...,₹159
Champion's Reasoning Book For Bank & Insurance Exam (En...,₹479
Almora Urban Co-Operative Bank Clerk 2022 Complete Book...,"₹1,449"
New Ncert Biology Class 11 And 12 Set Of Book ) Help Fu...,₹300
NCERT Biology Tax Book For Class 11th & 12th,₹299
MCQ Civil Engineering Volume -1 All India Assistant / J...,₹730
Story Books Set of 10 in English with 101 Moral Stories...,₹212
"Number Tracing Book For Preschoolers With Pen, Magic Ca...",₹200
NCERT Class 11th And 12th Chemistry Part 1 And 2 (Combo...,₹427
"Student Atlas By Khan Sir, Hindi",₹175
"Science NCERT Textbook For Class 10 (Paperpack, NCERT",₹169
"NCERT BOOKS NCERT Physics Textbook Part - 1 And 2 ,Text...",₹440
eVidya UPSSSC PET Bilingual (Hindi & English 20 Practic...,₹350
A Place Called Home (Printed Signed Copies),₹192
NCERT Geography Books Set Of Class -6 To 10 For UPSC Ex...,₹280
MaxxMarks CBSE Question Bank Class 10 Mathematics  - Fo...,₹404
SSC JE Civil 2022 Complete Books Kit (English Printed E...,"₹1,259"
Basics Of Stock Market | Complete Guide For Stock Begin...,₹273
Ncert Science Book 12th Class 1. Physics Textbook Part1...,₹442
"Ancient India By RS Sharma, Medieval India By Satish Ch...",₹239
My First Picture Library Box Of 10 Board Books (Pre-Sch...,₹399
Blossom Jumbo Creative Colouring Book For Kids | 3 To 5...,₹153
"Social Science Class 9 Ncert (History, Civics, Geograph...",₹270
NCERT Science Book Set (PCB) 1.Physics Textbook Part1 A...,₹575
NCERT Science Books Set For Class 9 And 10 (English Med...,₹299
Delhi Police Head Constable 2022 Complete Books Kit (En...,"₹1,649"
Blossom Colouring Books For 3 To 7 Year Old Kids | Cray...,₹329
My First 1000 Words Book : Early Learning Book For Kids...,₹425
Ncert Science Text Book For Class - X,₹160
Science NCERT 10th Class Textbook In Hindi Medium,₹180
Shri Ram Charitmanas - Ramayan By Swami Tulsidas Ji ( H...,₹425
Ace English - 1700+ Chapterwise Questions For English L...,₹359
Supreme Court (SCI) Junior Court Assistant 2022 Complet...,"₹1,649"
Class 11th Ncert Physics And Chemistry Combo Book (Set ...,₹423
Ncert Science Book 11th Class Set 1. Physics Textbook P...,₹680
